9540df49-30cd-4a53-a069-32499d2f6432,A1,
19c342bf-57cf-45c5-bd9e-cd4d4233a429,A2,
47d080f7-3dc7-4739-8225-d47c3cdec59a,A3,
d509b968-ceb5-42c5-bed3-3a682127652c,A4,
72d9bce0-d71f-473b-89e4-59ef0e7510f5,A5,
f9b460ad-f9ee-4a46-87fe-1b0fd5b71084,B1,
91f4498e-1237-4c2d-b330-aa78ab962ff3,B2,
2d04f03a-2b4c-4180-ae79-333cb507f197,B3,
1658189e-2c6b-42ce-aab8-00de317b22f7,B4,
d8c337a1-3d0c-4f04-ae1f-6d3642f1a501,B5,
7c8f9f21-8fd7-4e74-bc2e-7dbac97b0cfe,C1,
66279464-aac9-4530-b7a8-9440eccb57e8,C2,
3dae5cde-177e-4187-ae11-13ac887d4058,C3,
c6bbc4a5-183b-4a14-b5e0-8ddb04218f1f,C4,
68d7e1e3-c0b9-4d04-83d4-b1d57d6e3aeb,C5,
